Transaction Hash,Status,Method,BlockNo,DateTime (UTC),From,From_Nametag,To,To_Nametag,Amount,Value (USD),Token
"0x6a5ea3ba288210e1723e121d06e61295bbc15d82fb156c57712c6fa2ae1f44ba","Success","Transfer","37985243","2024-04-19 03:15:52","0x21D135c07885A370627748484Ab0c37747951A3F","","0x62F03b52c377FeA3EB71D451a95ad86C818755D1","0x1eedA3Beeb8197125A7c8C67d05257f09","93.84339439","$93.82","Binance-Peg BSC-USD (BSC-USD)"
"0xa7aaf398cbf3a3503d45b937523cf380b91ad0313b36fc49907b36ef37c65061","Success","Transfer","38107568","2024-04-23 09:22:54","0x50c7211Dad504841c2e049C205C82Dfe9e00712a","","0x62F03b52c377FeA3EB71D451a95ad86C818755D1","0x1eedA3Beeb8197125A7c8C67d05257f09","50","$49.99","Binance-Peg BSC-USD (BSC-USD)"
"0xd30ebddc121fb8d3583a731ec15fa7a9f73dfad83e7bc5b429d21e9b8a4dc5cc","Success","Transfer","38215162","2024-04-27 03:11:31","0xd06132cB459A41762836bE935271733D12D0567E","","0x62F03b52c377FeA3EB71D451a95ad86C818755D1","0x1eedA3Beeb8197125A7c8C67d05257f09","0.0093149","$0.01","Binance-Peg BSC-USD (BSC-USD)"
"0x11422c9c3888e6f141951b09f41ae72543d418ed844f5ba786ffe9cf79497e60","Success","0xf8b037d9","38252201","2024-04-28 10:06:33","0x0000000000000000000000000000000000000000","Null: 0x000...000","0x62F03b52c377FeA3EB71D451a95ad86C818755D1","0x1eedA3Beeb8197125A7c8C67d05257f09","62,000","$0.00"," BEP-20: BOOM"
"0xa8ea138dd619655a36eb865a5db60c675d09e523395415ce260b49551c0e9da5","Success","Transfer","38507120","2024-05-07 06:56:22","0x5C262c4Ed8E30a5CA4Efb223e0CA53f5f13c3BD3","","0x62F03b52c377FeA3EB71D451a95ad86C818755D1","0x1eedA3Beeb8197125A7c8C67d05257f09","9,308.56217229","$0.00"," BEP-20: DogeVerse"
"0x24a315ce77bde951393595e9f11abaa675df192b4d9fe9f9d39898d8fbdfc3a6","Success","Transfer","38835736","2024-05-18 17:22:36","0x3Bf1C469f95450aC75f4405968cbA59F6A96577B","","0x62F03b52c377FeA3EB71D451a95ad86C818755D1","0x1eedA3Beeb8197125A7c8C67d05257f09","396.59794643","$0.00"," BEP-20: DogeVerse"
"0x06a76b6eef91597a73662f2f37011ea72972db68e326ed7d02c157eef46982b4","Success","Transfer","39344263","2024-06-05 10:16:46","0xb969cEEd07b9579D41010BfB8124F378C7Ae5598","","0x62F03b52c377FeA3EB71D451a95ad86C818755D1","0x1eedA3Beeb8197125A7c8C67d05257f09","1,000","$0.00"," BEP-20: Dogeverse"
"0x23b0709443ca806ce6fa957304be2ad3d51c3ff178aac504a028f48c8664bf66","Success","Transfer","39348097","2024-06-05 13:29:08","0x98F804AC6987F2708dF54F4A26daBd7c7b16E8A9","","0x62F03b52c377FeA3EB71D451a95ad86C818755D1","0x1eedA3Beeb8197125A7c8C67d05257f09","81","$0.00"," BEP-20: Dogeverse"
"0xf0b8a5fe9fdcac72b5df0f70c614f910afb4407ff7384a8044f0a74ec07fe215","Success","Transfer","39348261","2024-06-05 13:37:22","0x98F804AC6987F2708dF54F4A26daBd7c7b16E8A9","","0x62F03b52c377FeA3EB71D451a95ad86C818755D1","0x1eedA3Beeb8197125A7c8C67d05257f09","60","$0.00"," BEP-20: Dogeverse"
"0xcaf7654095bea70f820b37730de94d2cc1c540f27a95defc2acd6165a46c540c","Success","Transfer","39351657","2024-06-05 16:27:40","0xe2fc31F816A9b94326492132018C3aEcC4a93aE1","Binance: Hot Wallet 7","0x62F03b52c377FeA3EB71D451a95ad86C818755D1","0x1eedA3Beeb8197125A7c8C67d05257f09","0.0952","$13.77","SOLANA (SOL)"
"0x9586599ff15af37e7299c893ccac9cebc215daa6e5cf6e32672f6895b80aa384","Success","Transfer","39368010","2024-06-06 06:08:30","0xa87c8dEC86179D83BD1cc556ffa4686086e098Ab","","0x62F03b52c377FeA3EB71D451a95ad86C818755D1","0x1eedA3Beeb8197125A7c8C67d05257f09","10","$0.00"," BEP-20: Dogeverse"
"0xb70636de1c1d7ceb18c805402f3dbc80c5c35b4f1739438633db2657615d89e8","Success","Transfer","39409797","2024-06-07 17:12:01","0xa88f86E5685FCa7C5D6de0e4D944875b007137b5","","0x62F03b52c377FeA3EB71D451a95ad86C818755D1","0x1eedA3Beeb8197125A7c8C67d05257f09","10","$10.00","Binance-Peg BSC-USD (BSC-USD)"
"0xaece0ceb6ce99f153919c630469dbf796245cd3bddc1bb04346e6ed546ef5996","Success","Transfer","39411168","2024-06-07 18:20:47","0x7C05E0B9f73595606364f37Cc1EdAa6466eB211d","","0x62F03b52c377FeA3EB71D451a95ad86C818755D1","0x1eedA3Beeb8197125A7c8C67d05257f09","2,000,106","$0.00"," BEP-20: Dogeverse"
"0xcde2530b5b1197a326bef7bc60a67541b7b14eeac1bc1a48e44bcc662cd3baed","Success","Transfer","39411698","2024-06-07 18:47:34","0x4F0d65f0fFfA2c4d4195939540E9Ddf780467b74","","0x62F03b52c377FeA3EB71D451a95ad86C818755D1","0x1eedA3Beeb8197125A7c8C67d05257f09","872","$0.00"," BEP-20: Dogeverse"
"0x97ee46d2062e96cca13f92ad4572a83251bdd77d02fbb939977580f3db3fcdad","Success","Transfer","39431590","2024-06-08 11:24:44","0xa87c8dEC86179D83BD1cc556ffa4686086e098Ab","","0x62F03b52c377FeA3EB71D451a95ad86C818755D1","0x1eedA3Beeb8197125A7c8C67d05257f09","3","$0.00"," BEP-20: Dogeverse"
"0x15495be9e645abbc9ced1cb997c1790fd11c269e8f8335bc2e999ba6036c4100","Success","Transfer","39431657","2024-06-08 11:28:07","0xa87c8dEC86179D83BD1cc556ffa4686086e098Ab","","0x62F03b52c377FeA3EB71D451a95ad86C818755D1","0x1eedA3Beeb8197125A7c8C67d05257f09","5","$0.00"," BEP-20: Dogeverse"
"0x27726eb24372bba73f854c19a6d454f1b2948c3d187b21cc2db7086c1c45ed83","Success","Transfer","39434504","2024-06-08 13:51:14","0xD6da913CF2dC68d438bE6c38C8129556fde76726","","0x62F03b52c377FeA3EB71D451a95ad86C818755D1","0x1eedA3Beeb8197125A7c8C67d05257f09","657,894","$0.00"," BEP-20: Dogeverse"
"0x95f24379b44314e27d8ad9a073bf5a4fc3dd20a4d8d20ee75c14424c4973ccef","Success","Transfer","39443472","2024-06-08 21:21:08","0xa3DaED0e7D64ff86802513039BD63BFB8ccEB99f","","0x62F03b52c377FeA3EB71D451a95ad86C818755D1","0x1eedA3Beeb8197125A7c8C67d05257f09","17.944115","$17.94","Binance-Peg BSC-USD (BSC-USD)"
"0xb6e0dc3c7c437c8d41033fab6afd15e752352ba4102ccb82dc7db007e729822e","Success","Transfer","39460110","2024-06-09 11:14:34","0x36382006Cd8A4d811887A4201df0BD388Ea17B6A","","0x62F03b52c377FeA3EB71D451a95ad86C818755D1","0x1eedA3Beeb8197125A7c8C67d05257f09","100,000","$0.00"," BEP-20: Dogeverse"
"0x3636369b920575c47bd040b436b78dac98d016603f02e3e69621f3d3fbf8f029","Success","Transfer","39740756","2024-06-19 05:49:09","0x54f5FD3511cA89319a24236378f38FB0C5184159","","0x62F03b52c377FeA3EB71D451a95ad86C818755D1","0x1eedA3Beeb8197125A7c8C67d05257f09","100","$0.00"," BEP-20: Dogeverse"
"0xef18e1b5e74e6a63c41448e84232f417cbf6b914bad1b711395f472a05ec4c4b","Success","Transfer","39756968","2024-06-19 19:22:17","0x10896e82a3a2950bD321c5732e6e89cF869A1331","","0x62F03b52c377FeA3EB71D451a95ad86C818755D1","0x1eedA3Beeb8197125A7c8C67d05257f09","0","$0.00"," BEP-20: Dogeverse"
"0xe3aa88fd2bc4c97af9102ed8bcb9f15690d73aa2406ca90814452ff32f8c22c2","Success","Transfer","39780210","2024-06-20 14:56:39","0x2ed321014319C900Abc742A60fB3346568E9B2b1","","0x62F03b52c377FeA3EB71D451a95ad86C818755D1","0x1eedA3Beeb8197125A7c8C67d05257f09","1,945","$0.00"," BEP-20: Dogeverse"
"0xa10c920393177a0b0a765a2fcbb91c0ad0cbbb15c48e7fa1826d639eb7eaf4be","Success","Transfer","39908503","2024-06-25 02:34:19","0xee063fa86a98128f138976d405601aF530F5ddb3","","0x62F03b52c377FeA3EB71D451a95ad86C818755D1","0x1eedA3Beeb8197125A7c8C67d05257f09","105,984","$0.00"," BEP-20: Dogeverse"
"0x36403336855fe885120b8bd5213e266aa6b2e61dba7901fdb77849bcc3eda2db","Success","0x3e52c01c","40150667","2024-07-03 13:03:56","0xf8661c3f7b50e24f2cC81eF5213f1D16D0bC62EA","","0x62F03b52c377FeA3EB71D451a95ad86C818755D1","0x1eedA3Beeb8197125A7c8C67d05257f09","0.1","$0.00"," BEP-20: DataCenterMining"
"0x217be22ba1287dda66460562a436b20ec0216948a353403946bde879b70c20fb","Success","Transfer","40196402","2024-07-05 03:19:39","0x353eDDA61ecF1eCee0FeF8D67B812051b80A8920","","0x62F03b52c377FeA3EB71D451a95ad86C818755D1","0x1eedA3Beeb8197125A7c8C67d05257f09","1,000","$0.00"," BEP-20: Dogeverse"